firstDutyStartDay,lastDutyStartDay,Pairing_time,PairingFlight,node_1,node_2,node_3,node_4,node_5,node_6,node_7,node_8,node_9,node_10,node_11,node_12,node_13,node_14,node_15,node_16,node_17,node_18,node_19,EmpNo
8/11/2021,8/14/2021,2615.00000000582,"FA812,FA813,FA864,FA865,FA872,FA873,FA812,FA813,FA864,FA865,FA872,FA873,FA812,FA813,FA864,FA865,FA890,FA891,FA854",4,6,8,10,11,13,19,22,24,25,26,28,31,34,36,37,38,43,46,1
8/16/2021,8/19/2021,1535.0000000163,"FA855,FA890,FA891,FA854,FA855,FA888,FA889,FA890,FA891,FA854",76,79,84,87,104,106,108,109,114,117,,,,,,,,,,1
8/21/2021,8/24/2021,1170.00000002095,"FA855,FA890,FA891,FA854,FA855,FA890,FA891,FA854",148,151,156,159,176,179,184,187,,,,,,,,,,,,1
8/11/2021,8/14/2021,1590.00000001746,"FA854,FA855,FA680,FA3,FA854,FA855,FA872,FA873,FA812,FA813,FA864,FA865",7,9,12,16,20,35,39,41,45,48,50,51,,,,,,,,2
8/16/2021,8/19/2021,1170.00000002095,"FA890,FA891,FA854,FA855,FA890,FA891,FA854,FA855",65,70,73,90,93,98,101,120,,,,,,,,,,,,2
8/21/2021,8/24/2021,1170.00000002095,"FA890,FA891,FA854,FA855,FA890,FA891,FA854,FA855",137,142,145,162,165,170,173,190,,,,,,,,,,,,2
